modifications;Authors,Study,Year,Species types,subfamily,Family,Order,Location,Ocean,Climate,Life stages,Levels pCO2,dpCO2,pH,pHt,dpHt,At,DIC,Irradiance (umol photons m-2 s-1),Temperature,Salinity,Duration (days),n,Calcification (micro mol CaCO3 cm-2 h-1),Calcif SD,,,Mean ln effect,Variance,Pooled SD,inverse G,Hedges G
;Anthony,1,2008,Porolithon onkodes,Metagoniolithoideae,Lithophyllaceae,Corallinales,Australia,Pacific,Tropical,Adult,614.5,314.5,7.9,7.9,-0.3,2412.5,,1200,28.5,35,56,5,1.412,0.31,,,-0.847095493,0.021436915,0.606671245,3.102174389,-3.102174389
;Anthony,1,2008,Porolithon onkodes,Metagoniolithoideae,Lithophyllaceae,Corallinales,Australia,Pacific,Tropical,Adult,615.5,312.5,7.9,7.9,-0.3,2412.5,,1200,25.5,35,56,5,2.235,0.62,,,-0.100381699,0.027182685,0.610081962,0.38683327,-0.38683327
;Anthony,1,2008,Porolithon onkodes,Metagoniolithoideae,Lithophyllaceae,Corallinales,Australia,Pacific,Tropical,Adult,1187.5,887.5,7.65,7.65,-0.55,2412.5,,1200,28.5,35,56,5,-2.588,0.72,,,#NUM!,0.0272766,0.761051904,7.728776411,-7.728776411
;Anthony,1,2008,Porolithon onkodes,Metagoniolithoideae,Lithophyllaceae,Corallinales,Australia,Pacific,Tropical,Adult,1186,883,7.65,7.65,-0.55,2412.5,,1200,25.5,35,56,5,-0.588,0.28,,,#NUM!,0.057143461,0.468187996,6.533700187,-6.533700187
Athanasiadis (2016) proposed family Mesophyllumaceae but he did not designate subfamily for Clathromorphum;Anagnostou et al.,2,2019,Clathromorphum compactum,,Mesophyllumaceae,Hapalidiales,USA. Main,Atlantic,Cool Temperate,Adult,2957,2608,7.25,7.25,-0.82,2339,2434,258,8.9,31.9,120,3,3.52,0.14,,,0.153204158,0.001415409,0.165166583,-3.027246748,3.027246748
Athanasiadis (2016) proposed family Mesophyllumaceae but he did not designate subfamily for Clathromorphum;Anagnostou et al.,2,2019,Clathromorphum compactum,,Mesophyllumaceae,Hapalidiales,USA. Main,Atlantic,Cool Temperate,Adult,473,124,7.95,7.95,-0.12,2067,1959,258,8.6,31.9,120,3,3.39,0.37,,,0.11557309,0.004858963,0.272396769,-1.358312732,1.358312732
Athanasiadis (2016) proposed family Mesophyllumaceae but he did not designate subfamily for Clathromorphum;Anagnostou et al.,2,2019,Clathromorphum compactum,,Mesophyllumaceae,Hapalidiales,USA. Main,Atlantic,Cool Temperate,Adult,934,600,7.71,7.71,-0.37,2107,2066,258,6.5,31.9,120,3,4.34,0.5,,,0.38268508,0.018126082,0.496689038,-2.778398345,2.778398345
Athanasiadis (2016) proposed family Mesophyllumaceae but he did not designate subfamily for Clathromorphum;Anagnostou et al.,2,2019,Clathromorphum compactum,,Mesophyllumaceae,Hapalidiales,USA. Main,Atlantic,Cool Temperate,Adult,491,157,7.94,7.94,-0.14,2077,1964,258,6.4,31.9,120,4,3.36,0.61,,,0.126751706,0.02194172,0.582322934,-0.686904081,0.686904081
Athanasiadis (2016) proposed family Mesophyllumaceae but he did not designate subfamily for Clathromorphum;Anagnostou et al.,2,2019,Clathromorphum compactum,,Mesophyllumaceae,Hapalidiales,USA. Main,Atlantic,Cool Temperate,Adult,829,480,7.74,7.74,-0.33,2099,2053,258,8.7,31.9,120,3,3.8,1.18,,,0.229744235,0.033030317,0.759210116,-1.027383571,1.027383571
Athanasiadis (2016) proposed family Mesophyllumaceae but he did not designate subfamily for Clathromorphum;Anagnostou et al.,2,2019,Clathromorphum compactum,,Mesophyllumaceae,Hapalidiales,USA. Main,Atlantic,Cool Temperate,Adult,3423,3052,7.23,7.23,-0.83,2544,2660,258,12.3,31.9,120,1,4,,,,0.291020974,0.042687815,1.07,-0.943925234,0.943925234
Athanasiadis (2016) proposed family Mesophyllumaceae but he did not designate subfamily for Clathromorphum;Anagnostou et al.,2,2019,Clathromorphum compactum,,Mesophyllumaceae,Hapalidiales,USA. Main,Atlantic,Cool Temperate,Adult,499,128,7.95,7.95,-0.11,2139,1995,258,12.4,31.9,120,4,3.545,0.52,,,0.170264773,0.048066972,0.787527777,-0.704737047,0.704737047
Athanasiadis (2016) proposed family Mesophyllumaceae but he did not designate subfamily for Clathromorphum;Anagnostou et al.,2,2019,Clathromorphum compactum,,Mesophyllumaceae,Hapalidiales,USA. Main,Atlantic,Cool Temperate,Adult,903,532,7.72,7.72,-0.34,2177,2109,258,12.4,31.9,120,3,3.66,0.49,,,0.20218976,0.048662413,0.832165849,-0.805127969,0.805127969
Athanasiadis (2016) proposed family Mesophyllumaceae but he did not designate subfamily for Clathromorphum;Anagnostou et al.,2,2019,Clathromorphum compactum,,Mesophyllumaceae,Hapalidiales,USA. Main,Atlantic,Cool Temperate,Adult,3254,2920,7.19,7.19,-0.89,2329,2466,258,6.2,31.9,120,3,2.76,0.6,,,-0.069958589,0.029454828,0.565714887,0.353534978,-0.353534978
;Bergstrom et al,3,2020,Lithothamnion proliferum,Lithothamnioideae,Lithothamniaceae,Hapalidiales,Australia,Pacific,Tropical,Adult,757,369,7.82,7.82,-0.239,2302,,65,29.3,32.5,24,4,1.49,0.01,,,0.136412,0.014227,0.219317122,-0.86632543,0.86632543
;Bergstrom et al,3,2020,Lithothamnion proliferum,Lithothamnioideae,Lithothamniaceae,Hapalidiales,Australia,Pacific,Tropical,Adult,471,83,7.983,7.983,-0.076,2306,,65,29.7,32.5,24,4,1.32,0.02,,,0.015267,0.014273,0.219658826,-0.091050291,0.091050291
;Bergstrom et al,3,2020,Lithothamnion proliferum,Lithothamnioideae,Lithothamniaceae,Hapalidiales,Australia,Pacific,Tropical,Adult,1172,784,7.655,7.655,-0.404,2310,,65,29.8,32.5,24,4,1.04,0.2,,,-0.22314,0.023462,0.260863949,0.996688123,-0.996688123
Athanasiadis (2016) proposed family Mesophyllumaceae but he did not designate subfamily for Melyvonnea;Bergstrom et al,3,2020,Melyvonnea madagascariensis,,Mesophyllumaceae,Hapalidiales,Australia,Pacific,Tropical,Adult,768,283,7.82,7.82,-0.163,2302,,65,29.3,32.5,24,4,1.09,0.02,,,0.309321,0.003248,0.065192024,-4.448396935,4.448396935
Athanasiadis (2016) proposed family Mesophyllumaceae but he did not designate subfamily for Melyvonnea;Bergstrom et al,3,2020,Melyvonnea madagascariensis,,Mesophyllumaceae,Hapalidiales,Australia,Pacific,Tropical,Adult,1172,701,7.655,7.655,-0.328,2310,,65,29.8,32.5,24,4,0.85,0.02,,,0.208545,0.006492,0.079056942,-2.023857703,2.023857703
Athanasiadis (2016) proposed family Mesophyllumaceae but he did not designate subfamily for Melyvonnea;Bergstrom et al,3,2020,Porolithon onkodes,Metagoniolithoideae,Lithophyllaceae,Corallinales,Australia,Pacific,Tropical,Adult,757,286,7.82,7.82,-0.163,2302,,65,29.3,32.5,24,4,0.86,0.08,,,0.220241,0.008517,0.09617692,-1.767575833,1.767575833
Athanasiadis (2016) proposed family Mesophyllumaceae but he did not designate subfamily for Melyvonnea;Bergstrom et al,3,2020,Porolithon onkodes,Metagoniolithoideae,Lithophyllaceae,Corallinales,Australia,Pacific,Tropical,Adult,1149,664,7.667,7.667,-0.316,2330,,65,31.1,32.5,24,4,0.76,0.14,,,-0.05129,0.011647,0.117686023,0.339887431,-0.339887431
Bergstrom et al,3,2020,Lithothamnion proliferum,Hapalidiales,Hapalidiales,Hapalidiales,Australia,Pacific,Tropical,Adult,1149,752,7.667,7.667,-0.384,2330,,65,31.1,32.5,24,4,0.87,0.01,,,-0.8473,0.00013,0.029154759,39.78767175,-39.78767175
Bergstrom et al,3,2020,Lithothamnion proliferum,Hapalidiales,Hapalidiales,Hapalidiales,Australia,Pacific,Tropical,Adult,485,88,7.98,7.98,-0.071,2309,,65,31.3,32.5,24,4,0.94,0.03,,,-0.76991,0.000352,0.035355339,30.82985566,-30.82985566
Bergstrom et al,3,2020,Lithothamnion proliferum,Hapalidiales,Hapalidiales,Hapalidiales,Australia,Pacific,Tropical,Adult,768,371,7.814,7.814,-0.237,2303,,65,30.8,32.5,24,4,1.48,0.04,,,-0.31599,0.00028,0.04,13.75,-13.75
Bergstrom et al,3,2020,Sporolithon durum,Sporolithoideae,Sporolithaceae,Sporolithales,Australia,Pacific,Tropical,Adult,1172,784,7.655,7.655,-0.404,2310,,65,29.8,32.5,24,4,1.43,0.01,,,0.126563,0.0000752,0.015811388,-10.75174404,10.75174404
Bergstrom et al,3,2020,Sporolithon durum,Sporolithoideae,Sporolithaceae,Sporolithales,Australia,Pacific,Tropical,Adult,757,369,7.82,7.82,-0.239,2302,,65,29.3,32.5,24,4,1.85,0.02,,,0.384074,0.0000922,0.02,-29.5,29.5
;Bergstrom et al,3,2020,Porolithon onkodes,Metagoniolithoideae,Lithophyllaceae,Corallinales,Australia,Pacific,Tropical,Adult,757,369,7.82,7.82,-0.239,2302,,220,29.3,32.5,24,4,1.7,0.1,,,-0.17247,0.002066,0.121655251,2.630383797,-2.630383797
;Bergstrom et al,3,2020,Porolithon onkodes,Metagoniolithoideae,Lithophyllaceae,Corallinales,Australia,Pacific,Tropical,Adult,471,83,7.983,7.983,-0.076,2306,,220,29.7,32.5,24,4,1.92,0.14,,,-0.05077,0.00253,0.14,0.714285714,-0.714285714
;Bergstrom et al,3,2020,Sporolithon durum,Sporolithoideae,Sporolithaceae,Sporolithales,Australia,Pacific,Tropical,Adult,485,88,7.98,7.98,-0.071,2309,,220,31.3,32.5,24,4,2.24,0.1,,,0.281747,0.005969,0.190394328,-2.888741523,2.888741523
;Bergstrom et al,3,2020,Sporolithon durum,Sporolithoideae,Sporolithaceae,Sporolithales,Australia,Pacific,Tropical,Adult,768,371,7.814,7.814,-0.237,2303,,220,30.8,32.5,24,4,1.39,0.1,,,-0.19542,0.006765,0.190394328,1.575677194,-1.575677194
;Bergstrom et al,3,2020,Sporolithon durum,Sporolithoideae,Sporolithaceae,Sporolithales,Australia,Pacific,Tropical,Adult,768,371,7.814,7.814,-0.237,2303,,65,30.8,32.5,24,4,1.02,0.04,,,-0.32379,0.000586,0.04,9.75,-9.75
;Bergstrom et al,3,2020,Sporolithon durum,Sporolithoideae,Sporolithaceae,Sporolithales,Australia,Pacific,Tropical,Adult,485,88,7.98,7.98,-0.071,2309,,65,31.3,32.5,24,4,1.4,0.07,,,-0.00712,0.000826,0.057008771,0.175411604,-0.175411604
;Bergstrom et al,3,2020,Melyvonnea madagascariensis,,Mesophyllumaceae,Hapalidiales,Australia,Pacific,Tropical,Adult,1149,752,7.667,7.667,-0.384,2330,,65,31.1,32.5,24,4,1.28,0.07,,,-0.09673,0.000949,0.057008771,2.28035085,-2.28035085
;Bergstrom et al,3,2020,Melyvonnea madagascariensis,,Mesophyllumaceae,Hapalidiales,Australia,Pacific,Tropical,Adult,471,83,7.983,7.983,-0.076,2306,,65,29.7,32.5,24,4,1.03,0.09,,,-0.20155,0.001972,0.065192024,3.528038949,-3.528038949
;Briggs and Carpenter,4,2019,Porolithon onkodes,Metagoniolithoideae,Lithophyllaceae,Corallinales,French polynesia,Pacific,Tropical,Adult,995.2,589.1,7.775,7.70562,-0.32868,2315.4,,26,27,36.1,28,4,0.3689,0.0142,,,-0.214157786,0.000572723,0.013613229,6.47164614,-6.47164614
;Briggs and Carpenter,4,2019,Porolithon onkodes,Metagoniolithoideae,Lithophyllaceae,Corallinales,French polynesia,Pacific,Tropical,Adult,995.2,589.1,7.775,7.70562,-0.32868,2315.4,,413,27,36.1,28,4,0.4768,0.0286,,,-0.100862158,0.00140434,0.02626452,1.926553403,-1.926553403
;Briggs and Carpenter,4,2019,Porolithon onkodes,Metagoniolithoideae,Lithophyllaceae,Corallinales,French polynesia,Pacific,Tropical,Adult,995.2,589.1,7.775,7.70562,-0.32868,2315.4,,67,27,36.1,28,4,0.435466667,0.078016964,,,-0.132037626,0.010480949,0.065242752,0.942122534,-0.942122534
Budenbender?;Budenbader,6,2011,Lithothamnion glaciale,Lithothamnioideae,Lithothamniaceae,Hapalidiales,Svalbard,Atlantic,Polar,Adult,989,604,7.7,7.7,-0.36,2364.33,,6.8,9,33,7,2,28.0287,7.050566386,,,-0.116692421,0.063855058,7.537782672,0.460243658,-0.460243658
Budenbender?;Budenbader,6,2011,Lithothamnion glaciale,Lithothamnioideae,Lithothamniaceae,Hapalidiales,Svalbard,Atlantic,Polar,Adult,883,498,7.74,7.74,-0.32,2329.59,,6.8,9,33,7,2,19.88233333,5.966074786,,,-0.460089841,0.077237579,7.054073193,1.646649108,-1.646649108
Budenbender?;Budenbader,6,2011,Lithothamnion glaciale,Lithothamnioideae,Lithothamniaceae,Hapalidiales,Svalbard,Atlantic,Polar,Adult,1573,1188,7.52,7.52,-0.54,2429.04,,6.8,9,33,7,2,7.06105,17.10916144,,,-1.49532764,2.967762759,13.35382443,1.829952669,-1.829952669
Budenbender?;Budenbader,6,2011,Lithothamnion glaciale,Lithothamnioideae,Lithothamniaceae,Hapalidiales,Svalbard,Atlantic,Polar,Adult,1563,1175,7.53,7.53,-0.54,2461.6,,0,6.8,33,7,2,-8.001483333,22.08525398,,,#NUM!,3.841717266,15.72005424,1.14406836,-1.14406836
Budenbender?;Budenbader,6,2011,Lithothamnion glaciale,Lithothamnioideae,Lithothamniaceae,Hapalidiales,Svalbard,Atlantic,Polar,Adult,754,366,7.82,7.82,-0.25,2448.76,,0,6.8,33,7,2,3.164983333,10.59658701,,,-1.148769246,5.637304832,7.706147662,0.884793583,-0.884793583
Budenbender?;Budenbader,6,2011,Lithothamnion glaciale,Lithothamnioideae,Lithothamniaceae,Hapalidiales,Svalbard,Atlantic,Polar,Adult,958,570,7.72,7.72,-0.35,2432.33,,0,6.8,33,7,2,0.8751,7.272731158,,,-2.434334149,34.56674135,5.448595499,1.671666273,-1.671666273
;Comeau et al. 2014 L & Of,8,2014,Amphiroa fragilissima,Lithophylloideae,Lithophyllaceae,Corallinales,French polynesia,Pacific,Tropical,Adult,750,350,7.84,7.84,-0.22,2320,2105,700,27,36.1,14,24,41.21,6.51,,,0.033809513,0.001972276,6.241061608,-0.219513936,0.219513936
;Comeau et al. 2014 L & Of,8,2014,Amphiroa fragilissima,Lithophylloideae,Lithophyllaceae,Corallinales,French polynesia,Pacific,Tropical,Adult,280,-120,8.18,8.18,0.12,2320,1895,700,27,36.1,14,24,54,9.44,,,-7.207859871,0.002205829,7.894149733,-1.793733395,1.793733395
;Comeau et al. 2014 L & Of,8,2014,Amphiroa fragilissima,Lithophylloideae,Lithophyllaceae,Corallinales,French polynesia,Pacific,Tropical,Adult,550,150,7.95,7.95,-0.11,2320,2047,700,27,36.1,14,24,47.95,8.88,,,0.185287369,0.002361504,7.56227479,-1.072428631,1.072428631
;Comeau et al. 2014 L & Of,8,2014,Amphiroa fragilissima,Lithophylloideae,Lithophyllaceae,Corallinales,French polynesia,Pacific,Tropical,Adult,1000,600,7.71,7.71,-0.35,2320,2169,700,27,36.1,14,24,38.65,8.06,,,-0.030324658,0.002744494,7.088201464,0.167884619,-0.167884619
;Comeau et al. 2014 L & Of,8,2014,Amphiroa fragilissima,Lithophylloideae,Lithophyllaceae,Corallinales,French polynesia,Pacific,Tropical,Adult,2100,1700,7.44,7.44,-0.62,2320,2280,700,27,36.1,14,24,26.05,9.07,,,-0.424853665,0.005983609,7.674193769,1.796931432,-1.796931432
H reinboldii =currently regarded as a synonym of Hydrolithon boergesenii (Foslie) Foslie;Comeau et al. 2014 L & Oe,8,2014,Hydrolithon boergesenii,Hydrolithoideae,Lithophyllaceae,Corallinales,French polynesia,Pacific,Tropical,Adult,280,-120,8.18,8.18,0.12,2320,1895,700,27,36.1,14,24,0.12,0.01,,,#NUM!,0.001226852,0.02236068,3.577708764,-3.577708764
H reinboldii =currently regarded as a synonym of Hydrolithon boergesenii (Foslie) Foslie;Comeau et al. 2014 L & Oe,8,2014,Hydrolithon boergesenii,Hydrolithoideae,Lithophyllaceae,Corallinales,French polynesia,Pacific,Tropical,Adult,750,350,7.84,7.84,-0.22,2320,2105,700,27,36.1,14,24,0.09,0.01,,,-0.798507696,0.001451903,0.02236068,4.91934955,-4.91934955
H reinboldii =currently regarded as a synonym of Hydrolithon boergesenii (Foslie) Foslie;Comeau et al. 2014 L & Oe,8,2014,Hydrolithon boergesenii,Hydrolithoideae,Lithophyllaceae,Corallinales,French polynesia,Pacific,Tropical,Adult,550,150,7.95,7.95,-0.11,2320,2047,700,27,36.1,14,24,0.16,0.02,,,-0.223143551,0.001588542,0.025495098,1.568929081,-1.568929081
H reinboldii =currently regarded as a synonym of Hydrolithon boergesenii (Foslie) Foslie;Comeau et al. 2014 L & Oe,8,2014,Hydrolithon boergesenii,Hydrolithoideae,Lithophyllaceae,Corallinales,French polynesia,Pacific,Tropical,Adult,1000,600,7.71,7.71,-0.35,2320,2169,700,27,36.1,14,24,0.13,0.06,,,-0.430782916,0.00981324,0.047434165,1.475729575,-1.475729575
H reinboldii =currently regarded as a synonym of Hydrolithon boergesenii (Foslie) Foslie;Comeau et al. 2014 L & Oe,8,2014,Hydrolithon boergesenii,Hydrolithoideae,Lithophyllaceae,Corallinales,French polynesia,Pacific,Tropical,Adult,2100,1700,7.44,7.44,-0.62,2320,2280,700,27,36.1,14,24,0.04,0.02,,,-1.609437912,0.011354167,0.025495098,6.275716324,-6.275716324
;Comeau et al. 2014 L & Ob,8,2014,Lithophyllum flavescens,Lithophylloideae,Lithophyllaceae,Corallinales,French polynesia,Pacific,Tropical,Adult,280,-120,8.18,8.18,0.12,2320,1895,700,27,36.1,14,24,0.58,0.08,,,0.033901552,0.001533448,0.10198039,3.137858162,-3.137858162
;Comeau et al. 2014 L & Ob,8,2014,Lithophyllum flavescens,Lithophylloideae,Lithophyllaceae,Corallinales,French polynesia,Pacific,Tropical,Adult,550,150,7.95,7.95,-0.11,2320,2047,700,27,36.1,14,24,0.64,0.1,,,-0.340926587,0.001757993,0.11045361,2.353929397,-2.353929397
;Comeau et al. 2014 L & Ob,8,2014,Lithophyllum flavescens,Lithophylloideae,Lithophyllaceae,Corallinales,French polynesia,Pacific,Tropical,Adult,1000,600,7.71,7.71,-0.35,2320,2169,700,27,36.1,14,24,0.7,0.11,,,-0.251314428,0.001769652,0.115108644,1.737488971,-1.737488971
;Comeau et al. 2014 L & Ob,8,2014,Lithophyllum flavescens,Lithophylloideae,Lithophyllaceae,Corallinales,French polynesia,Pacific,Tropical,Adult,750,350,7.84,7.84,-0.22,2320,2105,700,27,36.1,14,24,0.82,0.13,,,-0.093090423,0.001787984,0.12509996,0.639488614,-0.639488614
;Comeau et al. 2014 L & Ob,8,2014,Lithophyllum flavescens,Lithophylloideae,Lithophyllaceae,Corallinales,French polynesia,Pacific,Tropical,Adult,2100,1700,7.44,7.44,-0.62,2320,2280,700,27,36.1,14,24,0.43,0.07,,,-0.738609555,0.001844941,0.098234414,4.784474026,-4.784474026
;Comeau et al. 2014 L & Oc,8,2014,Lithophyllum kotschyanum,Lithophylloideae,Lithophyllaceae,Corallinales,French polynesia,Pacific,Tropical,Adult,750,350,7.84,7.84,-0.22,2320,2105,700,27,36.1,14,24,0.45,0.04,,,0.16907633,0.001743115,0.057008771,-1.227881227,1.227881227
;Comeau et al. 2014 L & Oc,8,2014,Lithophyllum kotschyanum,Lithophylloideae,Lithophyllaceae,Corallinales,French polynesia,Pacific,Tropical,Adult,550,150,7.95,7.95,-0.11,2320,2047,700,27,36.1,14,24,0.33,0.05,,,-0.141078598,0.002370432,0.060827625,0.821994937,-0.821994937
;Comeau et al. 2014 L & Oc,8,2014,Lithophyllum kotschyanum,Lithophylloideae,Lithophyllaceae,Corallinales,French polynesia,Pacific,Tropical,Adult,280,-120,8.18,8.18,0.12,2320,1895,700,27,36.1,14,24,0.38,0.06,,,0.123613956,0.002452678,0.065192024,0,0
;Comeau et al. 2014 L & Oc,8,2014,Lithophyllum kotschyanum,Lithophylloideae,Lithophyllaceae,Corallinales,French polynesia,Pacific,Tropical,Adult,1000,600,7.71,7.71,-0.35,2320,2169,700,27,36.1,14,24,0.25,0.04,,,-0.418710335,0.002480563,0.057008771,2.28035085,-2.28035085
;Comeau et al. 2014 L & Oc,8,2014,Lithophyllum kotschyanum,Lithophylloideae,Lithophyllaceae,Corallinales,French polynesia,Pacific,Tropical,Adult,2100,1700,7.44,7.44,-0.62,2320,2280,700,27,36.1,14,24,0.22,0.04,,,-0.546543706,0.002791307,0.057008771,2.806585662,-2.806585662
;Comeau et al. 2014 L & Od,8,2014,Neogoniolithon frutescens,Neogoniolithoideae,Corallinaceae,Corallinales,French polynesia,Pacific,Tropical,Adult,550,150,7.95,7.95,-0.11,2320,2047,700,27,36.1,14,24,0.11,0.04,,,1.704748092,0.515926309,0.057008771,-1.578704435,1.578704435
;Comeau et al. 2014 L & Od,8,2014,Neogoniolithon frutescens,Neogoniolithoideae,Corallinaceae,Corallinales,French polynesia,Pacific,Tropical,Adult,2100,1700,7.44,7.44,-0.62,2320,2280,700,27,36.1,14,24,-0.15,0.08,,,#NUM!,0.522268519,0.075166482,2.261646358,-2.261646358
;Comeau et al. 2014 L & Od,8,2014,Neogoniolithon frutescens,Neogoniolithoideae,Corallinaceae,Corallinales,French polynesia,Pacific,Tropical,Adult,280,-120,8.18,8.18,0.12,2320,1895,700,27,36.1,14,24,-0.04,0.07,,,#NUM!,0.638020833,0.07,0.857142857,-0.857142857
;Comeau et al. 2014 L & Od,8,2014,Neogoniolithon frutescens,Neogoniolithoideae,Corallinaceae,Corallinales,French polynesia,Pacific,Tropical,Adult,750,350,7.84,7.84,-0.22,2320,2105,700,27,36.1,14,24,0.03,0.06,,,0.405465108,0.677083333,0.065192024,-0.153392998,0.153392998
;Comeau et al. 2014 L & Od,8,2014,Neogoniolithon frutescens,Neogoniolithoideae,Corallinaceae,Corallinales,French polynesia,Pacific,Tropical,Adult,1000,600,7.71,7.71,-0.35,2320,2169,700,27,36.1,14,24,-0.02,0.05,,,#NUM!,0.770833333,0.060827625,0.657595949,-0.657595949
;Comeau et al. 2014 L & Oa,8,2014,Porolithon onkodes,Metagoniolithoideae,Lithophyllaceae,Corallinales,French polynesia,Pacific,Tropical,Adult,280,-120,8.18,8.18,0.12,2320,1895,700,27,36.1,14,24,0.94,0.09,,,-1.498772345,0.001248732,0.123693169,0.808452083,-0.808452083
;Comeau et al. 2014 L & Oa,8,2014,Porolithon onkodes,Metagoniolithoideae,Lithophyllaceae,Corallinales,French polynesia,Pacific,Tropical,Adult,550,150,7.95,7.95,-0.11,2320,2047,700,27,36.1,14,24,0.92,0.14,,,-0.122602322,0.001831642,0.145086181,0.82709462,-0.82709462
;Comeau et al. 2014 L & Oa,8,2014,Porolithon onkodes,Metagoniolithoideae,Lithophyllaceae,Corallinales,French polynesia,Pacific,Tropical,Adult,750,350,7.84,7.84,-0.22,2320,2105,700,27,36.1,14,24,0.69,0.11,,,-0.410284395,0.001925723,0.131529464,2.661000724,-2.661000724
;Comeau et al. 2014 L & Oa,8,2014,Porolithon onkodes,Metagoniolithoideae,Lithophyllaceae,Corallinales,French polynesia,Pacific,Tropical,Adult,1000,600,7.71,7.71,-0.35,2320,2169,700,27,36.1,14,24,0.77,0.15,,,-0.300585477,0.002447982,0.15,1.8,-1.8
;Comeau et al. 2014 L & Oa,8,2014,Porolithon onkodes,Metagoniolithoideae,Lithophyllaceae,Corallinales,French polynesia,Pacific,Tropical,Adult,2100,1700,7.44,7.44,-0.62,2320,2280,700,27,36.1,14,24,0.6,0.14,,,-0.550046337,0.00313529,0.145086181,3.032680274,-3.032680274
;Comeau,9,2014,Porolithon onkodes,Metagoniolithoideae,Lithophyllaceae,Corallinales,Japan,Pacific,Tropical,Adult,679,230,7.84,7.84,-0.15,,,700,26.9,35.5,14,12,1,0.1,,,-5.869296913,0.001189987,0.086313383,0.810998225,-0.810998225
;Comeau,9,2014,Porolithon onkodes,Metagoniolithoideae,Lithophyllaceae,Corallinales,Japan,Pacific,Tropical,Adult,921,472,7.73,7.73,-0.26,,,700,26.9,35.5,14,12,1.07,0.13,,,0,0.001586747,0.104403065,0,0
;Comeau,9,2014,Porolithon onkodes,Metagoniolithoideae,Lithophyllaceae,Corallinales,Hawaii,Pacific,Tropical,Adult,696,266,7.83,7.83,-0.18,,,700,27,35.4,14,12,1.66,0.17,,,-0.145507584,0.0016064,0.175071414,1.485108243,-1.485108243
;Comeau,9,2014,Porolithon onkodes,Metagoniolithoideae,Lithophyllaceae,Corallinales,Hawaii,Pacific,Tropical,Adult,959,529,7.71,7.71,-0.3,,,700,27,35.4,14,12,1.25,0.18,,,-0.429181635,0.002460422,0.18,3.722222222,-3.722222222
H reinboldii =currently regarded as a synonym of Hydrolithon boergesenii (Foslie) Foslie;Comeau et al.,10,2014,Hydrolithon boergesenii,Hydrolithoideae,Lithophyllaceae,Corallinales,French Polynesia,Pacific,Tropical,adult,1107,702,7.67,7.67,-0.36,2318,2167,650,29.8,35.4,20,10,0.104,0.009,,,-0.191891008,0.002166124,0.012369317,1.778594584,-1.778594584
H reinboldii =currently regarded as a synonym of Hydrolithon boergesenii (Foslie) Foslie;Comeau et al.,10,2014,Hydrolithon boergesenii,Hydrolithoideae,Lithophyllaceae,Corallinales,French Polynesia,Pacific,Tropical,adult,711,332,7.84,7.84,-0.22,2311,2101,650,27.1,35.2,20,10,0.089,0.006,,,-0.339677368,0.002528088,0.013416408,2.683281573,-2.683281573
H reinboldii =currently regarded as a synonym of Hydrolithon boergesenii (Foslie) Foslie;Comeau et al.,10,2014,Hydrolithon boergesenii,Hydrolithoideae,Lithophyllaceae,Corallinales,French Polynesia,Pacific,Tropical,adult,726,321,7.83,7.83,-0.2,2315,2089,650,29.9,35.3,20,10,0.109,0.014,,,-0.144934025,0.003066926,0.014508618,1.171717379,-1.171717379
H reinboldii =currently regarded as a synonym of Hydrolithon boergesenii (Foslie) Foslie;Comeau et al.,10,2014,Hydrolithon boergesenii,Hydrolithoideae,Lithophyllaceae,Corallinales,French Polynesia,Pacific,Tropical,adult,711,332,7.84,7.84,-0.22,2311,2101,150,27.1,35.2,20,10,0.08,0.013,,,-0.362905494,0.003555559,0.012041595,2.906591795,-2.906591795
H reinboldii =currently regarded as a synonym of Hydrolithon boergesenii (Foslie) Foslie;Comeau et al.,10,2014,Hydrolithon boergesenii,Hydrolithoideae,Lithophyllaceae,Corallinales,French Polynesia,Pacific,Tropical,adult,1108,729,7.67,7.67,-0.39,2316,2182,650,27.1,35.3,20,10,0.074,0.017,,,-0.524248644,0.007351175,0.017507141,2.913096938,-2.913096938
H reinboldii =currently regarded as a synonym of Hydrolithon boergesenii (Foslie) Foslie;Comeau et al.,10,2014,Hydrolithon boergesenii,Hydrolithoideae,Lithophyllaceae,Corallinales,French Polynesia,Pacific,Tropical,adult,726,321,7.83,7.83,-0.2,2315,2089,150,29.9,35.3,20,10,0.065,0.015,,,-0.256429529,0.008514219,0.015,1.266666667,-1.266666667
H reinboldii =currently regarded as a synonym of Hydrolithon boergesenii (Foslie) Foslie;Comeau et al.,10,2014,Hydrolithon boergesenii,Hydrolithoideae,Lithophyllaceae,Corallinales,French Polynesia,Pacific,Tropical,adult,1108,729,7.67,7.67,-0.39,2316,2182,150,27.1,35.3,20,10,0.055,0.018,,,-0.737598943,0.011625678,0.014916434,4.022409139,-4.022409139
H reinboldii =currently regarded as a synonym of Hydrolithon boergesenii (Foslie) Foslie;Comeau et al.,10,2014,Hydrolithon boergesenii,Hydrolithoideae,Lithophyllaceae,Corallinales,French Polynesia,Pacific,Tropical,adult,1107,702,7.67,7.67,-0.36,2318,2167,150,29.8,35.4,20,10,0.045,0.019,,,-0.624154309,0.021015936,0.017117243,2.278404328,-2.278404328
;Comeau et al.,11,2016,Lithophyllum kotschyanum,Lithophylloideae,Lithophyllaceae,Corallinales,French Polynesia,Pacific,Tropical,adult,969.9090909,593.8181818,7.715454545,7.71369,-0.34564,2303.454545,,650,27.36818182,35.97272727,21,10,0.26,0.17,,,-0.175890666,0.07646636,0.175071414,0.285597739,-0.285597739
;Comeau et al. ,12,2018,Neogoniolithon sp.,Neogoniolithoideae,Corallinaceae,Corallinales,Rottnest Island,Indian,Warm temperate,Adult,999.73,551.01,,7.83,-0.18,3201,3000.45,40,20.6,35.2,147,4,0.003975,0.005553602,,,-1.169420423,0.613879947,0.007528031,1.172285297,-1.172285297
;Comeau et al. ,12,2018,Neogoniolithon sp.,Neogoniolithoideae,Corallinaceae,Corallinales,Rottnest Island,Indian,Warm temperate,Adult,267.36,-181.36,,8.03,0.02,1504,1310.43,40,20.5,35.2,147,4,-0.012925,0.033467733,,,#NUM!,1.802106877,0.024521309,1.049087561,-1.049087561
;Comeau et al. ,12,2018,Neogoniolithon sp.,Neogoniolithoideae,Corallinaceae,Corallinales,Rottnest Island,Indian,Warm temperate,Adult,150.11,-298.61,,8.24,0.23,1549,1256.25,40,20.6,35.2,147,5,-0.0022,0.02168813,,,#NUM!,24.42211435,0.017439692,0.860106933,-0.860106933
;Comeau et al. ,12,2018,Neogoniolithon sp.,Neogoniolithoideae,Corallinaceae,Corallinales,Rottnest Island,Indian,Warm temperate,Adult,668.77,220.05,,8,-0.01,3356,3042.28,40,20.5,35.2,147,5,0.00214,0.044889008,,,-1.788639342,110.1258304,0.034449947,0.309434437,-0.309434437
;Comeau et al. ,12,2018,Sporolithon durum,Sporolithoideae,Sporolithaceae,Sporolithales,Rottnest Island,Indian,Warm temperate,Adult,999.73,551.01,,7.83,-0.18,3201,3000.45,40,20.6,35.2,147,5,0.00876,0.012786047,,,-1.456276089,0.480140919,0.016510603,1.745545005,-1.745545005
;Comeau et al. ,12,2018,Sporolithon durum,Sporolithoideae,Sporolithaceae,Sporolithales,Rottnest Island,Indian,Warm temperate,Adult,267.36,-181.36,,8.03,0.02,1504,1310.43,40,20.5,35.2,147,4,-0.0061,0.011932309,,,#NUM!,1.010655436,0.016707603,2.614378606,-2.614378606
;Comeau et al. ,12,2018,Sporolithon durum,Sporolithoideae,Sporolithaceae,Sporolithales,Rottnest Island,Indian,Warm temperate,Adult,668.77,220.05,,8,-0.01,3356,3042.28,40,20.5,35.2,147,5,0.01592,0.03207962,,,-0.858895814,1.069165873,0.026559546,0.815525979,-0.815525979
;Comeau et al. ,12,2018,Sporolithon durum,Sporolithoideae,Sporolithaceae,Sporolithales,Rottnest Island,Indian,Warm temperate,Adult,150.11,-298.61,,8.24,0.23,1549,1256.25,40,20.6,35.2,147,6,0.0137,0.047013275,,,-1.009076161,2.998071813,0.037384055,0.63877501,-0.63877501
;Comeau et al. ,13,2019,Lithophyllum kotschyanum,Lithophylloideae,Lithophyllaceae,Corallinales,Moorea,Pacific,Tropical,Adult ,1053,697,,7.56,-0.54,2290.4,,1500,27.435,35.5,356,4,0.062,0.0018,,,-0.377109882,0.004327133,0.008300602,3.42143843,-3.42143843
;Comeau et al. ,13,2019,Lithophyllum kotschyanum,Lithophylloideae,Lithophyllaceae,Corallinales,Moorea,Pacific,Tropical,Adult ,714,358,,7.66,-0.44,2290.4,,1500,27.435,35.5,356,4,0.0749,0.0032,,,-0.188090377,0.004572742,0.008508819,1.821639417,-1.821639417
;Comeau et al. ,13,2019,Lithophyllum kotschyanum,Lithophylloideae,Lithophyllaceae,Corallinales,Moorea,Pacific,Tropical,Adult ,561,205,,7.88,-0.22,2290.4,,1500,27.435,35.5,356,4,0.1021,0.008,,,0.121708458,0.005651274,0.009963935,-1.174234882,1.174234882
;Comeau et al.,14,2019 Sci reports,Sporolithon durum,Sporolithoideae,Sporolithaceae,Sporolithales,Rottnest Island,Indian,Warm temperate,adult,1221,794,7.63,7.63,-0.4,,,100,20.8,35.5,189,4,0.035031329,0.009168073,,,-0.905997429,0.066204309,0.033010315,1.564666903,-1.564666903
;Comeau et al.,14,2019 Sci reports,Sporolithon durum,Sporolithoideae,Sporolithaceae,Sporolithales,Rottnest Island,Indian,Warm temperate,adult,1312.333333,885.3333333,7.61,7.63,-0.4,,,100,20.8,35.5,189,5,-0.015575968,0.025115976,,,#NUM!,0.558310133,0.039016346,2.676823059,-2.676823059
;Comeau et al.,14,2019 Sci reports,Sporolithon durum,Sporolithoideae,Sporolithaceae,Sporolithales,Rottnest Island,Indian,Warm temperate,adult,1314,897.3333333,7.61,7.61,-0.426666667,,,50,20.8,35.5,189,3,-0.02471415,0.035206866,,,#NUM!,2.851545401,0.03107514,1.05594268,-1.05594268
;Comeau et al.,14,2019 Sci reports,Sporolithon durum,Sporolithoideae,Sporolithaceae,Sporolithales,Rottnest Island,Indian,Warm temperate,adult,1251.333333,826,7.623333333,7.623333333,-0.41,,,50,20.8,35.5,189,5,-0.000887443,0.041611771,,,#NUM!,439.7874203,0.03519665,1.423291566,-1.423291566
;Cornwall et al. ,15,2013,Arthrocardia corymbosa,Corallinoideae,Corallinaceae,Corallinales,New Zealand,Pacific,Cool Temperate,Adult,647.5,229,7.665,7.665,-0.375,,,24,10.8,34.3,42,6,0.00142846,0.000307003,,,-1.025383127,0.008297628,0.000275035,9.287264656,-9.287264656
;Cornwall et al. ,15,2013,Arthrocardia corymbosa,Corallinoideae,Corallinaceae,Corallinales,New Zealand,Pacific,Cool Temperate,Adult,1685,555,7.67,7.67,-0.35,,,24,10.8,34.3,42,6,0.0000669,0.000119209,,,-3.103023659,0.537918226,0.000255357,5.571171374,-5.571171374
;Cornwall et al. ,16,2017,Amphiroa anceps,Lithophylloideae,Lithophyllaceae,Corallinales,Western Australia,Indian,Warm temperate,Adult,1201,826,7.64,7.64,-0.44,2385.88,,20,21,35.5,56,10,4.5456075,5.816265139,,,-0.555200439,0.266977703,6.7334597,0.501103433,-0.501103433
;Cornwall et al. ,16,2017,Amphiroa anceps,Lithophylloideae,Lithophyllaceae,Corallinales,Western Australia,Indian,Warm temperate,Adult,770,395,7.81,7.81,-0.27,2204.43,,20,21,35.5,56,8,5.868887273,8.226128686,,,-0.299696766,0.348834661,7.916207184,0.259073563,-0.259073563
;Cornwall et al. ,16,2017,Neogoniolithon sp.,Neogoniolithoideae,Corallinaceae,Corallinales,Western Australia,Indian,Warm temperate,Adult,1201,826,7.64,7.64,-0.44,2385.88,,150,21,35.5,56,12,0.090731667,0.085843575,,,-0.463814768,0.149153419,0.114000601,0.469675888,-0.469675888
;Cornwall et al. ,16,2017,Neogoniolithon sp.,Neogoniolithoideae,Corallinaceae,Corallinales,Western Australia,Indian,Warm temperate,Adult,770,395,7.81,7.81,-0.27,2204.43,,150,21,35.5,56,16,0.1269975,0.139084073,,,-0.127553799,0.149519813,0.137982774,0.125214906,-0.125214906
;Cornwall et al. ,16,2017,Sporolithon durum,Sporolithoideae,Sporolithaceae,Sporolithales,Western Australia,Indian,Warm temperate,Adult,1201,826,7.64,7.64,-0.44,2385.88,,40,21,35.5,56,12,-0.060525833,0.07513486,,,#NUM!,0.185489492,0.085131835,2.046218465,-2.046218465
;Cornwall et al. ,16,2017,Sporolithon durum,Sporolithoideae,Sporolithaceae,Sporolithales,Western Australia,Indian,Warm temperate,Adult,770,395,7.81,7.81,-0.27,2204.43,,40,21,35.5,56,12,0.016573333,0.091314493,,,-1.925526529,2.586828122,0.09270369,1.047414259,-1.047414259
;Cornwall,17,2014,Arthrocardia corymbosa,Corallinoideae,Corallinaceae,Corallinales,New Zealand,Pacific,Cool Temperate,Adult,999.26,633.02,7.65,7.65,-0.4,2120.51,,20,10.53,35,42,6,-0.0014,0.002569695,,,#NUM!,0.641333096,0.113161311,1.287321602,-1.287321602
;Cornwall,17,2014,Arthrocardia corymbosa,Corallinoideae,Corallinaceae,Corallinales,New Zealand,Pacific,Cool Temperate,Adult,980.09,611.73,7.65,7.65,-0.4,2120.51,,20,10.53,35,42,6,0.002816667,0.001002358,,,-0.635292388,0.07974918,0.001255101,-0.557724171,0.557724171
H reinboldii =currently regarded as a synonym of Hydrolithon boergesenii (Foslie) Foslie;Cornwall et al. ,19,2018,Hydrolithon boergesenii,Hydrolithoideae,Lithophyllaceae,Corallinales,Western Australia,Indian,Tropical,Adult,1095,710,7.68,7.68,-0.38,,,150,26.5,35.5,100,6,0.1748982,0.02927177,,,0.195202378,0.028195756,0.043469863,-0.713483298,0.713483298
H reinboldii =currently regarded as a synonym of Hydrolithon boergesenii (Foslie) Foslie;Cornwall et al. ,19,2018,Hydrolithon boergesenii,Hydrolithoideae,Lithophyllaceae,Corallinales,Western Australia,Indian,Tropical,Adult,1454,897,7.67,7.67,-0.32,,,150,26.5,35.5,100,6,0.092579652,0.056985595,,,0.054683147,0.113470715,0.052759975,-0.093377939,0.093377939
H reinboldii =currently regarded as a synonym of Hydrolithon boergesenii (Foslie) Foslie;Cornwall et al. ,19,2018,Hydrolithon boergesenii,Hydrolithoideae,Lithophyllaceae,Corallinales,Western Australia,Indian,Tropical,Adult,1454,1069,7.67,7.67,-0.39,,,150,26.5,35.5,100,6,0.124826839,0.100415456,,,-0.866204245,0.141426973,0.117963711,1.458032239,-1.458032239
H reinboldii =currently regarded as a synonym of Hydrolithon boergesenii (Foslie) Foslie;Cornwall et al. ,19,2018,Hydrolithon boergesenii,Hydrolithoideae,Lithophyllaceae,Corallinales,Western Australia,Indian,Tropical,Adult,1095,710,7.68,7.68,-0.38,,,150,26.5,35.5,100,6,0.048388478,0.07609367,,,-0.670226252,0.42311721,0.056473867,0.817997616,-0.817997616
;Egilsdottr,21,2012,Corallina elongata,Corallinoideae,Corallinaceae,Corallinales,Northern france,Atlantic,Cool Temperate,Adult,550,170,7.94,7.94,-0.16,2375.68,,30,18.5,35,21,3,0.6397,1.3267,,,-0.639316587,1.644519958,1.159639015,0.493817466,-0.493817466
;Egilsdottir,21,2012,Corallina elongata,Corallinoideae,Corallinaceae,Corallinales,Northern france,Atlantic,Cool Temperate,Adult,750,370,7.81,7.81,-0.29,2307.67,,30,18.4,35,21,3,0.5493,1.8373,,,-0.791671163,3.94001086,1.467150928,0.451930328,-0.451930328
;Egilsdottir,21,2012,Corallina elongata,Corallinoideae,Corallinaceae,Corallinales,Northern france,Atlantic,Cool Temperate,Adult,1000,620,7.71,7.71,-0.39,2382.66,,30,18.4,35,21,3,0.4358,1.5894,,,-1.023132481,4.644521317,1.314455165,0.590777092,-0.590777092
Fine et al.,22,2016,Neogoniolithon brassica-florida ,Neogoniolithoideae,Corallinaceae,Corallinales,Med sea,Atlantic,Warm temperate,adult,668,281,7.9 NBS,7.9,-0.2,2578.42,,400,25,35,7,4,-0.0215,0.010511898,,,#NUM!,0.061144475,0.013028814,17.26941502,-17.26941502
C sessilis=currently regarded as synonym of C pilulifera;Gao and Zheng,24,2010,Corallina pilulifera,Corallinoideae,Corallinaceae,Corallinales,China,Pacific,Warm temperate,adult,1498.44,1070.46,7.54,7.54726,-0.51675,2318,,295,24.3,34,31,6,0.5425,0.0287663,,,-0.182833459,0.006178448,0.087639508,1.241829581,-1.241829581
C sessilis=currently regarded as synonym of C pilulifera;Gao and Zheng,24,2010,Corallina pilulifera,Corallinoideae,Corallinaceae,Corallinales,China,Pacific,Warm temperate,adult,1312.94,929.61,7.59,7.59904,-0.46497,2312,,395,24.3,34,31,6,0.582666667,0.061960202,,,-0.153987214,0.009448691,0.095846057,0.716426619,-0.716426619
;Graba-Landry,25,2018,Amphiroa anceps,Lithophylloideae,Lithophyllaceae,Corallinales,Australia,Pacific,Warm temperate,Adult,1098.29,594.54,7.8,7.67,-0.3,,,30,26,,14,5,377.3909,83,,,-1.263153483,0.014438473,157.0429877,6.095613142,-6.095613142
;Graba-Landry,25,2018,Amphiroa anceps,Lithophylloideae,Lithophyllaceae,Corallinales,Australia,Pacific,Warm temperate,Adult,1040.66,554.97,7.8,7.65,-0.33,,,30,23,,14,5,2755.2683,357,,,0.636941973,0.016320235,364.0673015,-3.565238061,3.565238061
;Graba-Landry,25,2018,Amphiroa anceps,Lithophylloideae,Lithophyllaceae,Corallinales,Australia,Pacific,Warm temperate,Adult,1825.87,1295.13,7.6,7.47,-0.48,,,30,28,,14,5,-1747.6288,467,,,#NUM!,0.01701935,344.1351479,8.480676322,-8.480676322
;Graba-Landry,25,2018,Amphiroa anceps,Lithophylloideae,Lithophyllaceae,Corallinales,Australia,Pacific,Warm temperate,Adult,1719.8,1216.05,7.6,7.5,-0.47,,,30,26,,14,5,-1019.9324,302,,,#NUM!,0.022299345,258.4956479,9.108844264,-9.108844264
;Graba-Landry,25,2018,Amphiroa anceps,Lithophylloideae,Lithophyllaceae,Corallinales,Australia,Pacific,Warm temperate,Adult,1134.59,603.85,7.8,7.66,-0.29,,,30,28,,14,5,-1106.6071,701,,,#NUM!,0.082994427,505.0594024,4.509325218,-4.509325218
;Graba-Landry,25,2018,Amphiroa anceps,Lithophylloideae,Lithophyllaceae,Corallinales,Australia,Pacific,Warm temperate,Adult,1701.46,1215.77,7.6,7.5,-0.48,,,30,23,,14,5,312.9234,495,,,-1.538369698,0.513416731,437.4162777,2.61617676,-2.61617676
;Graba-Landry,25,2018,Corallina officinalis,Corallinoideae,Corallinaceae,Corallinales,Australia,Pacific,Warm temperate,Adult,1040.66,554.97,7.8,7.65,-0.33,,,30,23,,14,5,1640.9918,302,,,-0.485446059,0.007955927,258.0978497,3.973125702,-3.973125702
;Graba-Landry,25,2018,Corallina officinalis,Corallinoideae,Corallinaceae,Corallinales,Australia,Pacific,Warm temperate,Adult,1098.29,594.54,7.8,7.67,-0.3,,,30,26,,14,5,799.8188,241,,,-0.851042832,0.018683808,183.4352747,5.851803596,-5.851803596
;Graba-Landry,25,2018,Corallina officinalis,Corallinoideae,Corallinaceae,Corallinales,Australia,Pacific,Warm temperate,Adult,1701.46,1215.77,7.6,7.5,-0.48,,,30,23,,14,5,939.5337,338,,,-1.043118465,0.027066582,279.5254908,6.178017236,-6.178017236
;Graba-Landry,25,2018,Corallina officinalis,Corallinoideae,Corallinaceae,Corallinales,Australia,Pacific,Warm temperate,Adult,1134.59,603.85,7.8,7.66,-0.29,,,30,28,,14,5,666.4744,327,,,#NUM!,0.85780317,287.2368361,-2.737300726,2.737300726
;Graba-Landry,25,2018,Corallina officinalis,Corallinoideae,Corallinaceae,Corallinales,Australia,Pacific,Warm temperate,Adult,1825.87,1295.13,7.6,7.47,-0.48,,,30,28,,14,5,-502.8695,363,,,1.434680645,0.913872935,308.0990101,1.24339997,-1.24339997
;Graba-Landry,25,2018,Corallina officinalis,Corallinoideae,Corallinaceae,Corallinales,Australia,Pacific,Warm temperate,Adult,1719.8,1216.05,7.6,7.5,-0.47,,,30,26,,14,5,-129.802,435,,,#NUM!,2.246711401,314.9928571,6.359026737,-6.359026737
;Hofmann ,27,2012a,Corallina officinalis,Corallinoideae,Corallinaceae,Corallinales,Germany,Atlantic,Cool Temperate,Adult,1380,1009,7.73,7.62,-0.52,,,146,12.3,,74,4,0.37,0,,,-0.396415273,0.001322314,0.028284271,6.363961031,-6.363961031
;Hofmann ,27,2012a,Corallina officinalis,Corallinoideae,Corallinaceae,Corallinales,Germany,Atlantic,Cool Temperate,Adult,602,231,8.05,7.94,-0.2,,,146,12.3,,74,4,0.43,0.03,,,-0.24613307,0.002539188,0.035355339,3.39411255,-3.39411255
;Hofmann ,27,2012a,Corallina officinalis,Corallinoideae,Corallinaceae,Corallinales,Germany,Atlantic,Cool Temperate,Adult,602,231,8.05,7.94,-0.2,,,146,12.3,,0.08,4,120,5,,,0.567984038,0.031575896,17.33493582,-2.999722672,2.999722672
;Hofmann ,27,2012a,Corallina officinalis,Corallinoideae,Corallinaceae,Corallinales,Germany,Atlantic,Cool Temperate,Adult,1380,1009,7.73,7.62,-0.52,,,146,12.3,,0.08,4,70,19,,,0.028987537,0.049560236,21.64486082,-0.092400687,0.092400687
;Johnson and Carpenter,29,2012,Porolithon onkodes,Metagoniolithoideae,Lithophyllaceae,Corallinales,French polynesia,Pacific,Tropical,Adult,472,117,7.96,7.96,-0.1,2172,,600,28.89,35,14,3,0.242303191,0.02096214,,,-0.098915148,0.004659089,0.021260384,1.184969072,-1.184969072
;Johnson and Carpenter,29,2012,Porolithon onkodes,Metagoniolithoideae,Lithophyllaceae,Corallinales,French polynesia,Pacific,Tropical,Adult,715,360,7.81,7.81,-0.25,2179,,600,28.69,35,14,3,0.226051761,0.024402452,,,-0.168340942,0.006048765,0.023022557,1.800161837,-1.800161837
;Johnson and Carpenter,29,2012,Porolithon onkodes,Metagoniolithoideae,Lithophyllaceae,Corallinales,French polynesia,Pacific,Tropical,Adult,488,75,7.95,7.95,-0.06,2168,,600,25.83,34.9,14,3,0.271445525,0.023392458,,,0.112339519,0.006621247,0.025290387,-1.140496349,1.140496349
;Johnson and Carpenter,29,2012,Porolithon onkodes,Metagoniolithoideae,Lithophyllaceae,Corallinales,French polynesia,Pacific,Tropical,Adult,818,405,7.76,7.76,-0.25,2185,,600,25.85,34.9,14,3,0.206785411,0.018176382,,,-0.159740362,0.006721189,0.023047572,1.554025765,-1.554025765
;Johnson et al.,30,2014,Porolithon onkodes,Metagoniolithoideae,Lithophyllaceae,Corallinales,French polynesia,Pacific,Tropical,Adult,418,80.03,8.027,8.02699,-0.0746,2329,,600,28.79,35.5,14,6,0.498134054,0.3552,,,-0.345414725,0.093576248,0.276052006,0.744490044,-0.744490044
;Johnson et al.,30,2014,Porolithon onkodes,Metagoniolithoideae,Lithophyllaceae,Corallinales,French polynesia,Pacific,Tropical,Adult,557.52,219.55,7.923,7.9237,-0.17789,2316,,600,27.225,35.5,14,6,0.225964818,0.243845,,,-1.135904637,0.202919835,0.207005754,2.307603522,-2.307603522
;Johnson et al. ,31,2014,Lithophyllum prototypum,Lithophylloideae,Lithophyllaceae,Corallinales,Palmyra,Pacific,Tropical,Adult,1092.6,718.6,7.69,7.69,-0.37,2236,,150,29.41,34.8,14,5,-0.24,0.244,,,#NUM!,0.269926798,0.257328584,1.966357537,-1.966357537
;Johnson et al. ,31,2014,Lithophyllum sp.  ,Lithophylloideae,Lithophyllaceae,Corallinales,Palmyra,Pacific,Tropical,Adult,808.7,465,7.88,7.88,-0.22,2514,,868,29.21,34.8,14,4,-0.196,0.216898594,,,#NUM!,1.532603844,0.194839678,2.176148129,-2.176148129
;Johnson et al. ,31,2014,Lithophyllum sp.  ,Lithophylloideae,Lithophyllaceae,Corallinales,Palmyra,Pacific,Tropical,Adult,1010.7,647.7,7.81,7.81,-0.25,1735,,150,28.87,35.1,14,6,-0.165,0.162,,,-3.996123702,94.65827719,0.123693169,2.90234298,-2.90234298
"L congestum =currently regarded as synonym of L kaiseri;""Johnson",32,2019,Lithophyllum kaiseri,Lithophylloideae,Lithophyllaceae,Corallinales," Carribean""""",Atlantic,Tropical,Adult,1241,323,7.58,7.58,-0.12,2037.87,,282,28.8,32.2,112,6,0.611896944,0.052010365,,,-0.583503153,0.002096029,0.067607602,7.170935046,-7.170935046
"L congestum =currently regarded as synonym of L kaiseri;""Johnson",32,2019,Lithophyllum kaiseri,Lithophylloideae,Lithophyllaceae,Corallinales," Carribean""""",Atlantic,Tropical,Adult,815,429,7.76,7.76,-0.28,2125.74,,282,28.9,32.2,112,6,1.128662833,0.100904901,,,-0.310759604,0.00308352,0.132483946,3.104933008,-3.104933008
Hydrolithon samoense =currently regarded as Harveylithon samoense;Kato,34,2013,Harveylithon samoense,Metagoniolithoideae,Lithophyllaceae,Corallinales,Okinawa,Pacific,Tropical,Adult,400.797,134.57,8.04,8.04,-0.14,2279,,50,27.3,34.1,56,20,3.83,1.207476708,,,-0.108749024,0.027434583,2.196588264,0.20031064,-0.20031064
Hydrolithon samoense =currently regarded as Harveylithon samoense;Kato,34,2013,Harveylithon samoense,Metagoniolithoideae,Lithophyllaceae,Corallinales,Okinawa,Pacific,Tropical,Adult,980.623,714.396,7.71,7.71,-0.47,2279,,50,27.2,34.1,56,20,1.97,2.101903899,,,-0.773580284,0.079384672,2.510975906,0.915978522,-0.915978522
;Kato,34,2013,Lithophyllum kotschyanum,Lithophylloideae,Lithophyllaceae,Corallinales,Okinawa,Pacific,Tropical,Adult,400.797,134.57,8.04,8.04,-0.14,2279,,50,27.3,34.1,56,20,14.59,4.248529157,,,-0.051430365,0.011076076,5.015376357,0.15352786,-0.15352786
;Kato,34,2013,Lithophyllum kotschyanum,Lithophylloideae,Lithophyllaceae,Corallinales,Okinawa,Pacific,Tropical,Adult,980.623,714.396,7.71,7.71,-0.47,2279,,50,27.2,34.1,56,20,6.59,2.817445652,,,-0.846213379,0.015975605,4.483079299,1.956244674,-1.956244674
;Kamenos et al,35,2013,Lithothamnion glaciale,Lithothamnioideae,Lithothamniaceae,Hapalidiales,Scotland,Atlantic,Cool Temperate,Adult,1081,583,7.7,7.75732,-0.30396,2964,2850,90,11.51,35,80,8,0.213,0.2401,,,0.54910781,0.313001415,0.195329939,-0.46075886,0.46075886
;Kram et al,36,2015,Corallina vancouveriensis,Corallinoideae,Corallinaceae,Corallinales,California,Pacific,Cool Temperate,Adult,650,214,,7.8,-0.2,2227,2095,8,15,34,31,10,-1.041513876,0.148802222,,,1.653062492,0.003177597,0.106287301,7.92289249,-7.92289249
;Kram et al,36,2015,Corallina vancouveriensis,Corallinoideae,Corallinaceae,Corallinales,California,Pacific,Cool Temperate,Adult,817,351,,7.7,,2222,2114,8,17,34,31,10,-0.994356116,0.127544762,,,0.695859817,0.006240386,0.117398162,4.246445477,-4.246445477
;Kram et al,36,2015,Jania adhaerens,Corallinoideae,Corallinaceae,Corallinales,California,Pacific,Cool Temperate,Adult,731,287,,7.8,-0.2,2235,2090,4,20,34,27,10,0.281481049,0.547317287,,,-1.097562663,0.396786477,0.465130255,1.20842755,-1.20842755
;Kram et al,36,2015,Lithothamnion californicum,Lithothamnioideae,Lithothamniaceae,Hapalidiales,California,Pacific,Cool Temperate,Adult,900,500,,7.8,-0.2,2235,2090,4,20,34,27,10,-0.001597231,0.042917373,,,#NUM!,72.36322413,0.030636639,0.203450154,-0.203450154
Lithothamnion corallioides?? ->>>;Legrand,38,2019,Lithothamnion corallioides,Lithothamnioideae,Lithothamniaceae,Hapalidiales,Northern france,Atlantic,Cool Temperate,Adult,948,522,7.73,7.73,-0.33,2385.48,,95,17.1,35,90,5,0.406275,0.634028302,,,-0.284446272,0.816576893,0.664190597,0.201260001,-0.201260001
Lithothamnion corallioides?? ->>>;Legrand,38,2019,Lithothamnion corallioides,Lithothamnioideae,Lithothamniaceae,Hapalidiales,Northern france,Atlantic,Cool Temperate,Adult,1087,574,7.65,7.65,-0.33,2277.85,,35,13,35,90,5,0.22405,0.500127154,,,-0.439255071,1.154559874,0.41569016,0.297276703,-0.297276703
Lithothamnion corallioides?? ->>>;Legrand,38,2019,Lithothamnion corallioides,Lithothamnioideae,Lithothamniaceae,Hapalidiales,Northern france,Atlantic,Cool Temperate,Adult,1183,703,7.65,7.65,-0.33,2511.5,,35,10,35,90,5,0.14035,0.396703428,,,-0.692345292,1.817029765,0.348985886,0.401520536,-0.401520536
Lithothamnion corallioides?? ->>>;Legrand,38,2019,Lithothamnion corallioides,Lithothamnioideae,Lithothamniaceae,Hapalidiales,Northern france,Atlantic,Cool Temperate,Adult,879,447,7.73,7.73,-0.33,2196.32,,95,20.1,35,90,5,0.358325,0.955340205,,,-0.420445711,1.900652394,0.901560993,0.207723051,-0.207723051
Lithothamnion corallioides?? ->>>;Legrand,39,2017,Lithothamnion corallioides,Lithothamnioideae,Lithothamniaceae,Hapalidiales,Northern france,Atlantic,Cool Temperate,Adult,426,,8.06,8.06,,2538.05,,95,17.1,35,90,5,0.57195,0.945365207,,,0.287128564,1.528127386,0.94814175,-0.150557657,0.150557657
Lithothamnion corallioides?? ->>>;Legrand,39,2017,Lithothamnion corallioides,Lithothamnioideae,Lithothamniaceae,Hapalidiales,Northern france,Atlantic,Cool Temperate,Adult,1183,703,7.65,7.65,,2511.5,,35,10,35,90,5,0.2279,0.49409236,,,0.352900135,2.460369172,0.468535342,-0.144635123,0.144635123
Lithothamnion corallioides?? ->>>;Legrand,39,2017,Lithothamnion corallioides,Lithothamnioideae,Lithothamniaceae,Hapalidiales,Northern france,Atlantic,Cool Temperate,Adult,879,447,7.73,7.73,,2196.32,,95,20.1,35,90,5,0.344666667,0.988314936,,,1.351323105,10.48430119,0.815078722,-0.313384863,0.313384863
Lithothamnion corallioides?? ->>>;Legrand,39,2017,Lithothamnion corallioides,Lithothamnioideae,Lithothamniaceae,Hapalidiales,Northern france,Atlantic,Cool Temperate,Adult,1087,574,7.65,7.65,,2277.85,,35,13,35,90,5,0.2635,0.79094685,,,#NUM!,671.3239806,0.650020331,-0.417827957,0.417827957
;McGraw et al,41,2010,Arthocardia corymbosa,Corallinoideae,Corallinaceae,Corallinales,New Zealand,Pacific,Cool Temperate,Adult,777,382,7.76,7.76,-0.217,2276,,30,15.1,35,14,4,0.002587334,0.0025,,,-0.214049498,0.288171811,0.002061553,0.299558234,-0.299558234
;McGraw et al,41,2010,Arthocardia corymbosa,Corallinoideae,Corallinaceae,Corallinales,New Zealand,Pacific,Cool Temperate,Adult,1411,1016,7.52,7.52,-0.457,2276,,30,15.1,35,14,4,-0.001051009,0.0025,,,#NUM!,1.4692789,0.002061553,2.064413593,-2.064413593
;Noisette et al. ,44,2013 Jphycol,Lithothamnion corallioides,Lithothamnioideae,Lithothamniaceae,Hapalidiales,Northern france,Atlantic,Cool Temperate,Adult,516.42,151.23,7.95,7.95,-0.14,2335.65,2189.47,15,10,35.1,12,6,4.751666667,0.620206955,,,-0.231317698,0.011964768,1.083529726,1.141331555,-1.141331555
;Noisette et al. ,44,2013 Jphycol,Lithothamnion corallioides,Lithothamnioideae,Lithothamniaceae,Hapalidiales,Northern france,Atlantic,Cool Temperate,Adult,755.16,389.97,7.81,7.81,-0.28,2350.56,2261.77,15,10,35.1,12,6,2.976666667,1.427594714,,,-0.699009026,0.047460586,1.414468687,2.129185817,-2.129185817
;Noisette et al. ,44,2013 Jphycol,Lithothamnion corallioides,Lithothamnioideae,Lithothamniaceae,Hapalidiales,Northern france,Atlantic,Cool Temperate,Adult,961.17,520.84,7.72,7.72,-0.3,2366.73,2255.95,15,19,35.1,12,6,2.201666667,1.120293116,,,-0.717451985,0.056259208,1.194937934,1.933154797,-1.933154797
;Noisette et al. ,44,2013 Jphycol,Lithothamnion corallioides,Lithothamnioideae,Lithothamniaceae,Hapalidiales,Northern france,Atlantic,Cool Temperate,Adult,606.95,228.12,7.89,7.89,-0.18,2321.81,2162.5,15,16,35.1,12,6,5.268333333,2.461425739,,,-0.124474367,0.06795776,2.530178189,0.276001641,-0.276001641
;Noisette et al. ,44,2013 Jphycol,Lithothamnion corallioides,Lithothamnioideae,Lithothamniaceae,Hapalidiales,Northern france,Atlantic,Cool Temperate,Adult,829.55,450.72,7.78,7.78,-0.29,2339.5,2228.09,15,16,35.1,12,6,3.123333333,1.593080873,,,-0.647287617,0.074936513,2.154401696,1.319778637,-1.319778637
;Noisette et al. ,44,2013 Jphycol,Lithothamnion corallioides,Lithothamnioideae,Lithothamniaceae,Hapalidiales,Northern france,Atlantic,Cool Temperate,Adult,705.05,264.72,7.84,7.84,-0.18,2355.13,2200.04,15,19,35.1,12,6,2.031666667,1.671208146,,,-0.79781016,0.125879357,1.482166208,1.673226651,-1.673226651
;Noisette et al. ,44,2013 Jphycol,Lithothamnion corallioides,Lithothamnioideae,Lithothamniaceae,Hapalidiales,Northern france,Atlantic,Cool Temperate,Adult,1048.81,669.98,7.68,7.68,-0.39,2347.78,2267.13,15,16,35.1,12,6,1.061666667,1.068707943,,,-1.726348424,0.200461427,1.985840292,2.469987148,-2.469987148
;Noisette et al. ,44,2013 Jphycol,Lithothamnion corallioides,Lithothamnioideae,Lithothamniaceae,Hapalidiales,Northern france,Atlantic,Cool Temperate,Adult,547.73,107.4,7.94,7.94,-0.08,2358.43,2158.41,15,19,35.1,12,6,3.318333333,3.673001044,,,-0.307203986,0.217304105,2.746964992,0.434418836,-0.434418836
;Noisette et al. ,44,2013 Jphycol,Lithothamnion corallioides,Lithothamnioideae,Lithothamniaceae,Hapalidiales,Northern france,Atlantic,Cool Temperate,Adult,1023.5,658.31,7.68,7.68,-0.41,2353.35,2300.56,15,10,35.1,12,6,0.138333333,0.9211605,,,-3.767902179,7.399486791,1.18573887,4.933632649,-4.933632649
;Noisette et al. ,45,2013 JEMBE,Corallina elongata,Corallinoideae,Corallinaceae,Corallinales,Northern france,Atlantic,Cool Temperate,Adult,790,340,7.8,7.8,-0.21,2414.49,,30,15.9,35.2,30,6,0.9675,0.79072841,,,0.139331372,0.183116399,0.682050294,-0.184492749,0.184492749
;Noisette et al. ,45,2013 JEMBE,Corallina elongata,Corallinoideae,Corallinaceae,Corallinales,Northern france,Atlantic,Cool Temperate,Adult,1002,552,7.7,7.7,-0.31,2418.53,,30,15.9,35.2,30,6,0.765,1.362472322,,,-0.095508219,0.600454996,1.039582757,0.073747536,-0.073747536
;Noisette et al. ,45,2013 JEMBE,Corallina elongata,Corallinoideae,Corallinaceae,Corallinales,Northern france,Atlantic,Cool Temperate,Adult,637,187,7.88,7.88,-0.13,2402.07,,30,15.9,35.2,30,6,0.661666667,1.333539002,,,-0.240622149,0.748778254,1.020651767,0.176357898,-0.176357898
;Noisette et al. ,45,2013 JEMBE,Lithophyllum incrustans,Lithophylloideae,Lithophyllaceae,Corallinales,Northern france,Atlantic,Cool Temperate,Adult,790,340,7.8,7.8,-0.21,2414.49,,30,15.9,35.2,30,6,-0.129166667,0.050382156,,,#NUM!,3.203489207,0.050664762,2.779709775,-2.779709775
;Noisette et al. ,45,2013 JEMBE,Lithophyllum incrustans,Lithophylloideae,Lithophyllaceae,Corallinales,Northern france,Atlantic,Cool Temperate,Adult,1002,552,7.7,7.7,-0.31,2418.53,,30,15.9,35.2,30,6,-0.141666667,0.074899077,,,#NUM!,3.224719175,0.064052113,2.39388409,-2.39388409
;Noisette et al. ,45,2013 JEMBE,Lithophyllum incrustans,Lithophylloideae,Lithophyllaceae,Corallinales,Northern france,Atlantic,Cool Temperate,Adult,637,187,7.88,7.88,-0.13,2402.07,,30,15.9,35.2,30,6,-0.033333333,0.044264822,,,#NUM!,3.47203817,0.047722368,0.942954036,-0.942954036
;Noisette et al. ,45,2013 JEMBE,Lithothamnion corallioides,Lithothamnioideae,Lithothamniaceae,Hapalidiales,Northern france,Atlantic,Cool Temperate,Adult,637,187,7.88,7.88,-0.13,2402.07,,30,15.9,35.2,30,6,0.258333333,0.066695741,,,-0.214070255,0.058286596,0.129294419,0.476947628,-0.476947628
;Noisette et al. ,45,2013 JEMBE,Lithothamnion corallioides,Lithothamnioideae,Lithothamniaceae,Hapalidiales,Northern france,Atlantic,Cool Temperate,Adult,790,340,7.8,7.8,-0.21,2414.49,,30,15.9,35.2,30,6,0.13,0.125054391,,,-0.900786545,0.201404195,0.149372642,1.271986603,-1.271986603
;Noisette et al. ,45,2013 JEMBE,Lithothamnion corallioides,Lithothamnioideae,Lithothamniaceae,Hapalidiales,Northern france,Atlantic,Cool Temperate,Adult,1002,552,7.7,7.7,-0.31,2418.53,,30,15.9,35.2,30,6,0.14,0.23930333,,,-0.826678573,0.534133858,0.207667831,0.866768818,-0.866768818
L cabiochae= currently regarded as L stictiforme;Martin et al,46,2013,Lithophyllum stictiforme,Lithophylloideae,Lithophyllaceae,Corallinales,Med sea,Atlantic,Warm temperate,Adult,779,304,7.84,7.84,-0.17,2546,2315,35,25,38,30,5,0.54,0.067082039,,,-0.215708573,0.005091321,0.067082039,1.93792558,-1.93792558
L cabiochae= currently regarded as L stictiforme;Martin et al,46,2013,Lithophyllum stictiforme,Lithophylloideae,Lithophyllaceae,Corallinales,Med sea,Atlantic,Warm temperate,Adult,425,-308,8.06,8.06,0.2,2533,2203,16,20.7,38,150,5,0.18,0.04472136,,,-0.200670695,0.014411795,0.035355339,1.13137085,-1.13137085
L cabiochae= currently regarded as L stictiforme;Martin et al,46,2013,Lithophyllum stictiforme,Lithophylloideae,Lithophyllaceae,Corallinales,Med sea,Atlantic,Warm temperate,Adult,714,290,7.87,7.87,-0.19,2543,2319,35,22,38,30,5,0.71,0.111803399,,,0.456017387,0.029156864,0.136014705,-1.911558017,1.911558017
L cabiochae= currently regarded as L stictiforme;Martin et al,46,2013,Lithophyllum stictiforme,Lithophylloideae,Lithophyllaceae,Corallinales,Med sea,Atlantic,Warm temperate,Adult,695,307,7.88,7.88,-0.21,2521,2322,16,17.7,38,150,5,0.14,0.04472136,,,-0.30538165,0.031488496,0.04472136,1.118033989,-1.118033989
L cabiochae= currently regarded as L stictiforme;Martin et al,46,2013,Lithophyllum stictiforme,Lithophylloideae,Lithophyllaceae,Corallinales,Med sea,Atlantic,Warm temperate,Adult,709,323,7.87,7.87,-0.23,2539,2378,6,13.3,38,240,5,0.05,0.02236068,,,0.223143551,0.1025,0.02236068,-0.447213595,0.447213595
L cabiochae= currently regarded as L stictiforme;Martin et al,46,2013,Lithophyllum stictiforme,Lithophylloideae,Lithophyllaceae,Corallinales,Med sea,Atlantic,Warm temperate,Adult,426,-337,8.06,8.06,0.21,2540,2254,6,16.3,38,240,5,0.09,0.04472136,,,0.117783036,0.127507716,0.04472136,-0.223606798,0.223606798
L cabiochae= currently regarded as L stictiforme;Martin et al,46,2013,Lithophyllum stictiforme,Lithophylloideae,Lithophyllaceae,Corallinales,Med sea,Atlantic,Warm temperate,Adult,693,309,7.87,7.87,-0.22,2483,2296,21,17.7,38,365,5,0.06,0.02236068,,,1.098612289,0.277777778,0.02236068,-1.788854382,1.788854382
L cabiochae= currently regarded as L stictiforme;Martin et al,46,2013,Lithophyllum stictiforme,Lithophylloideae,Lithophyllaceae,Corallinales,Med sea,Atlantic,Warm temperate,Adult,738,326,7.85,7.85,-0.21,2487,2289,21,20.7,38,365,4,0.01,0.02236068,,,-0.693147181,1.5,0.02236068,0.447213595,-0.447213595
;McCoy et al,47,2020,Ellisolandia elongata,Corallinoideae,Corallinaceae,Corallinales,UK,Atlantic,Cool Temperate,Adult,1000,600,7.7,7.7,-0.4,2242,,25,13,36,32,6,0.00486413,0.012228261,,,-0.702046065,1.086055176,0.008658431,0.571822684,-0.571822684
;Narvarte et al,48,2019,Sporolithon durum,Sporolithoideae,Sporolithaceae,Sporolithales,Philippines,Pacific,Tropical,Adult,1450,950,7.5,7.5,-0.4,2320,,98,26,35,40,4,4.170984456,1.761658031,,,-1.077691023,0.049174011,1.710629432,4.725103756,-4.725103756
;Narvarte et al,48,2019,Sporolithon durum,Sporolithoideae,Sporolithaceae,Sporolithales,Philippines,Pacific,Tropical,Adult,1450,950,7.5,7.5,-0.4,2320,,98,26,35,40,4,0.022666667,0.019447514,,,-1.548813279,0.193131794,0.019904231,4.220208342,-4.220208342
Athanasiadis (2016) proposed family Mesophyllumaceae but he did not designate subfamily for Leptophytum;O'Leary et al,49,2017,Leptophytum sp,,Mesophyllumaceae,Hapalidiales,California,Pacific,Cool Temperate,Adult,1176,757,7.5,7.5,-0.5,2246,,14,14,34,120,10,58.80794702,10.86166537,,,-0.069593292,0.004794009,9.298817622,0.455801025,-0.455801025
Athanasiadis (2016) proposed family Mesophyllumaceae but he did not designate subfamily for Leptophytum;O'Leary et al,49,2017,Lithophyllum sp,Lithophylloideae,Lithophyllaceae,Corallinales,California,Pacific,Cool Temperate,Adult,2013,1594,7.3,7.3,-0.7,2248,,14,14,34,120,10,32.67108168,9.137591505,,,-0.657379957,0.009205038,8.320331191,3.650729189,-3.650729189
;O'Leary et al,49,2017,Lithophyllum sp,Lithophylloideae,Lithophyllaceae,Corallinales,California,Pacific,Cool Temperate,Adult,1176,757,7.5,7.5,-0.5,2246,,14,14,34,120,10,11.65562914,2.241296029,,,-0.537733077,0.006115994,2.70685088,3.066375326,-3.066375326
;O'Leary et al,49,2017,Lithothamnion sp.,Lithothamnioideae,Lithothamniaceae,Hapalidiales,California,Pacific,Cool Temperate,Adult,2013,1594,7.3,7.3,-0.7,2248,,14,14,34,120,10,6.181015453,4.827406833,,,-1.172039757,0.063415287,4.057987938,3.394498615,-3.394498615
;O'Leary et al,49,2017,Lithothamnion sp.,Lithothamnioideae,Lithothamniaceae,Hapalidiales,California,Pacific,Cool Temperate,Adult,2013,1594,7.3,7.3,-0.7,2248,,14,14,34,120,10,18.89624724,3.448147738,,,-0.531177853,0.008166563,5.561307534,2.381640114,-2.381640114
;O'Leary et al,49,2017,Leptophytum sp,,Mesophyllumaceae,Hapalidiales,California,Pacific,Cool Temperate,Adult,1176,757,7.5,7.5,-0.5,2246,,14,14,34,120,10,13.95143488,3.965369898,,,-0.834558834,0.012915224,5.731087095,3.173890951,-3.173890951
;Ragazzola et al,51,2012,Lithothamnion glaciale,Lithothamnioideae,Lithothamniaceae,Hapalidiales,North Sea,Atlantic,Cool Temperate,Adult,682,193,,7.84,-0.13,,,20,7.6,31.3,90,4,0.85,0.09,,,-0.182321557,0.006863706,0.111803399,1.520526225,-1.520526225
;Ragazzola et al,51,2012,Lithothamnion glaciale,Lithothamnioideae,Lithothamniaceae,Hapalidiales,North Sea,Atlantic,Cool Temperate,Adult,1164,675,,7.66,-0.31,,,20,7.7,31.6,90,4,0.69,0.14,,,-0.390866309,0.014352894,0.135092561,2.442769594,-2.442769594
;Ragazzola et al,51,2012,Lithothamnion glaciale,Lithothamnioideae,Lithothamniaceae,Hapalidiales,North Sea,Atlantic,Cool Temperate,Adult,865,376,,7.76,-0.21,,,20,7.7,31.5,90,4,0.791,0.22,,,-0.254259939,0.023399866,0.18069311,1.26734218,-1.26734218
Ragazzola et al,52,2013,Lithothamnion glaciale,Lithothamnioideae,Lithothamniaceae,Hapalidiales,North Sea,Atlantic,Cool Temperate,Adult,1179,700,,7.66,-0.3,,,20,7.7,31.6,300,4,0.36,0.038,,,-0.949080555,0.003271388,0.039528471,14.41998613,-14.41998613
Ragazzola et al,52,2013,Lithothamnion glaciale,Lithothamnioideae,Lithothamniaceae,Hapalidiales,North Sea,Atlantic,Cool Temperate,Adult,873,394,,7.74,-0.22,,,20,7.7,31.5,300,4,0.37,0.038,,,-0.921681581,0.003122856,0.039528471,14.16700392,-14.16700392
Ragazzola et al,52,2013,Lithothamnion glaciale,Lithothamnioideae,Lithothamniaceae,Hapalidiales,North Sea,Atlantic,Cool Temperate,Adult,643,164,,7.86,-0.1,,,20,7.6,31.3,300,4,0.36,0.05,,,-0.949080555,0.005308425,0.045721986,12.46665008,-12.46665008
;Ries,54,2009,Neogoniolithon sp.,Neogoniolithoideae,Corallinaceae,Corallinales,Carribean,Atlantic,Tropical,Adult,511,160,7.91,7.91028,-0.13872,1987,,1946,25,31.7,90,11,0.241181818,0.110024377,,,0.926424834,0.043662989,0.086256697,-1.688933427,1.688933427
;Ries,54,2009,Neogoniolithon sp.,Neogoniolithoideae,Corallinaceae,Corallinales,Carribean,Atlantic,Tropical,Adult,764,413,7.77,7.76982,-0.27918,2044,,1946,25.1,31.5,90,10,0.1775,0.078553945,,,0.619844361,0.044329791,0.06491319,-1.26322555,1.26322555
;Ries,54,2009,Neogoniolithon sp.,Neogoniolithoideae,Corallinaceae,Corallinales,Carribean,Atlantic,Tropical,Adult,2505,2154,7.35,7.35046,-0.69854,2354,,1946,24.9,31.8,90,11,0.060727273,0.058758984,,,-0.452733347,0.109855596,0.053722818,0.647261792,-0.647261792
;Semesi et al,57,2009,Hydrolithon sp.,Hydrolithoideae,Lithophyllaceae,Corallinales,Zanzibar,Indian,Tropical,Adult,800,400,,7.8,-0.3,2300,,150,25,34,5,14,0.513333333,0.105084746,,,-0.370219169,0.010483,0.185715075,1.238456275,-1.238456275
;Semesi et al,57,2009,Hydrolithon sp.,Hydrolithoideae,Lithophyllaceae,Corallinales,Zanzibar,Indian,Tropical,Adult,800,400,,7.8,-0.3,2300,,150,25,34,5,14,-0.143333333,0.081355932,,,1.276293464,1.808726373,0.152674143,0.676822749,-0.676822749
;Short et al,58,2014,CCA,,,,Australia,Indian,Warm temperate,Adult,927,600,7.7,7.7,-0.4,2323.5,,250,19.4,35,76,3,-0.356,0.30050624,,,-0.194,0.552439644,0.332054212,2.342990906,-2.342990906
;Short et al,58,2014,CCA,,,,Australia,Indian,Warm temperate,Adult,927,600,7.7,7.7,,2323.5,,250,19.4,35,76,3,-0.032,0.804373048,,,#NUM!,211.1182032,0.657288369,0.626817725,-0.626817725
;Sordo et al,59,2018,Phymatolithon lusitanicum,Lithothamnioideae,Lithothamniaceae,Hapalidiales,Portugal,Atlantic,Warm temperate,Adult,550,150,8.1,7.95086,-0.12101,2448.17,2215.27,45,15.92,34.84,330,4,0.9296,0.0422,,,0.317378578,0.000718495,0.032812574,-7.704363622,7.704363622
;Sordo et al,59,2018,Phymatolithon lusitanicum,Lithothamnioideae,Lithothamniaceae,Hapalidiales,Portugal,Atlantic,Warm temperate,Adult,550,150,8.1,7.95086,-0.12101,2448.17,2215.27,450,15.92,34.84,330,4,1.166,0.0551,,,0.212798448,0.001313429,0.053475462,-4.179487059,4.179487059
;Sordo et al,59,2018,Phymatolithon lusitanicum,Lithothamnioideae,Lithothamniaceae,Hapalidiales,Portugal,Atlantic,Warm temperate,Adult,550,150,8.1,7.95086,-0.12101,2448.17,2215.27,8,15.92,34.84,330,4,0.3466,0.0324,,,-0.414655293,0.005271025,0.04716275,3.776285299,-3.776285299
;Sordo et al,59,2018,Phymatolithon lusitanicum,Lithothamnioideae,Lithothamniaceae,Hapalidiales,Portugal,Atlantic,Warm temperate,Adult,750,350,7.9,7.83503,-0.23684,2468.31,2326.21,8,15.74,34.63,330,4,0.3498,0.1101,,,-0.405465108,0.027853513,0.088093416,1.985392408,-1.985392408
;Sordo et al,59,2018,Phymatolithon lusitanicum,Lithothamnioideae,Lithothamniaceae,Hapalidiales,Portugal,Atlantic,Warm temperate,Adult,550,150,8.1,7.95086,-0.12101,2448.17,2215.27,0,15.92,34.84,330,4,-0.1522,-0.0226,,,0.959593352,0.043413577,0.022650055,4.145685263,-4.145685263
Sordo et al,59,2018,Phymatolithon lusitanicum,Lithothamnioideae,Lithothamniaceae,Hapalidiales,Portugal,Atlantic,Warm temperate,Adult,750,350,7.9,7.83503,-0.23684,2468.31,2326.21,195,15.74,34.63,330,4,1.1498,0.0745,,,0.707336785,0.001902144,0.057644861,-10.11365089,10.11365089
Sordo et al,59,2018,Phymatolithon lusitanicum,Lithothamnioideae,Lithothamniaceae,Hapalidiales,Portugal,Atlantic,Warm temperate,Adult,550,150,8.1,7.95086,-0.12101,2448.17,2215.27,195,15.92,34.84,330,4,0.9036,0.0291,,,0.466380277,0.001111865,0.031164242,-10.80725777,10.80725777
Sordo et al,59,2018,Phymatolithon lusitanicum,Lithothamnioideae,Lithothamniaceae,Hapalidiales,Portugal,Atlantic,Warm temperate,Adult,750,350,7.9,7.83503,-0.23684,2468.31,2326.21,450,15.74,34.63,330,4,1.4543,0.0324,,,0.433744045,0.000879242,0.043203009,-11.84639705,11.84639705
Sordo et al,59,2018,Phymatolithon lusitanicum,Lithothamnioideae,Lithothamniaceae,Hapalidiales,Portugal,Atlantic,Warm temperate,Adult,750,350,7.9,7.83503,-0.23684,2468.31,2326.21,45,15.74,34.63,330,4,1.4121,0.0356,,,0.735457429,0.000362193,0.028634333,-25.67896419,25.67896419
;Sordo et al,59,2018,Phymatolithon lusitanicum,Lithothamnioideae,Lithothamniaceae,Hapalidiales,Portugal,Atlantic,Warm temperate,Adult,750,350,7.9,7.83503,-0.23684,2468.31,2326.21,0,15.74,34.63,330,4,-0.0907,-0.0324,,,0.441955264,0.069803164,0.027973648,1.158232907,-1.158232907
Vasquez-Elizondo and Enriquez ,60,2016,Amphiroa tribulus,Lithophylloideae,Lithophyllaceae,Corallinales,"Mexico, Caribbean",Atlantic,Tropical,Adult,905.48,419.97,7.74,7.74,-0.23,,,600,30,,13,4,0.07,0.01,,,-1.455287233,0.006213152,0.015811388,14.54647724,-14.54647724
";""Vasquez-Elizondo and Enriquez ",60,2016,Amphiroa tribulus,Lithophylloideae,Lithophyllaceae,Corallinales," Caribbean""""",Atlantic,Tropical,Adult,889.85,481.25,7.75,7.75,-0.28,,,600,32,,13,4,-0.24,0.01,,,-0.040821995,0.000834028,0.01,-1,1
";""Vasquez-Elizondo and Enriquez ",60,2016,Lithothamnion sp.,Lithothamnioideae,Lithothamniaceae,Hapalidiales," Caribbean""""",Atlantic,Tropical,Adult,905.48,419.97,7.74,7.74,-0.23,,,50,30,,13,4,0.07,0.01,,,-0.693147181,0.006377551,0.01,7,-7
";""Vasquez-Elizondo and Enriquez ",60,2016,Lithothamnion sp.,Lithothamnioideae,Lithothamniaceae,Hapalidiales,Mexico,Atlantic,Tropical,Adult,889.85,481.25,7.75,7.75,-0.28,,,50,32,,13,6,-0.05,0.01,,,#NUM!,0.256666667,0.01,6,-6
";""Vasquez-Elizondo and Enriquez ",60,2016,Neogoniolithon sp.,Neogoniolithoideae,Corallinaceae,Corallinales," Caribbean""""",Atlantic,Tropical,Adult,905.48,419.97,7.74,7.74,-0.23,,,600,30,,13,4,0.3,0.08,,,-0.641853886,0.020547861,0.070710678,3.818376618,-3.818376618
";""Vasquez-Elizondo and Enriquez ",60,2016,Neogoniolithon sp.,Neogoniolithoideae,Corallinaceae,Corallinales," Caribbean""""",Atlantic,Tropical,Adult,889.85,481.25,7.75,7.75,-0.28,,,600,32,,13,4,-0.03,0.04,,,#NUM!,0.445069444,0.029154759,7.888934917,-7.888934917
";""Qui-Minet",63,2019,Lithophyllum incrustans,Lithophylloideae,Lithophyllaceae,Corallinales," France""""",Atlantic,Cool Temperate,Adult,1187,737,7.67,7.67,-0.33,2414,2323,30,20.7,35,122,3,0.42055027,0.02327292,,,-0.252227333,0.015553501,0.081582645,1.478881443,-1.478881443
";""Qui-Minet",63,2019,Lithophyllum incrustans,Lithophylloideae,Lithophyllaceae,Corallinales,Brittany,Atlantic,Cool Temperate,Adult,1187,737,7.67,7.67,-0.33,2414,2323,30,20.7,35,122,3,0.12297991,0.03447108,,,0.454628185,1.178105987,0.105455735,-0.426022727,0.426022727
";""Qui-Minet",63,2019,Lithophyllum incrustans,Lithophylloideae,Lithophyllaceae,Corallinales," France""""",Atlantic,Cool Temperate,Adult,965,547,7.71,7.71,-0.33,2372,2298,30,12.7,35,119,3,-0.277197,0.09172538,,,0.877764469,1.484404746,0.181787133,0.890949198,-0.890949198
";""Qui-Minet",63,2019,Lithophyllum incrustans,Lithophylloideae,Lithophyllaceae,Corallinales,Brittany,Atlantic,Cool Temperate,Adult,965,547,7.71,7.71,-0.33,2372,2298,30,12.7,35,119,3,-0.0641792,0.1693825,,,#NUM!,2.349890659,0.159132302,3.611600684,-3.611600684
";""Qui-Minet",63,2019,Lithothamnion corallioides,Lithothamnioideae,Lithothamniaceae,Hapalidiales," France""""",Atlantic,Cool Temperate,Adult,1187,737,7.67,7.67,-0.33,2414,2323,30,20.7,35,122,3,0.57810407,0.07593438,,,-0.345752587,0.013366533,0.102498376,2.32967204,-2.32967204
";""Qui-Minet",63,2019,Lithothamnion corallioides,Lithothamnioideae,Lithothamniaceae,Hapalidiales," France""""",Atlantic,Cool Temperate,Adult,965,547,7.71,7.71,-0.33,2372,2298,30,12.7,35,119,3,-0.2559763,0.06951382,,,#NUM!,0.041816105,0.065439123,8.01752862,-8.01752862
";""Qui-Minet",63,2019,Lithothamnion corallioides,Lithothamnioideae,Lithothamniaceae,Hapalidiales," France""""",Atlantic,Cool Temperate,Adult,1187,737,7.67,7.67,-0.33,2414,2323,30,20.7,35,122,3,0.07029469,0.03735277,,,-1.270038763,0.111317313,0.048104356,3.742364602,-3.742364602
";""Qui-Minet",63,2019,Lithothamnion corallioides,Lithothamnioideae,Lithothamniaceae,Hapalidiales," France""""",Atlantic,Cool Temperate,Adult,965,547,7.71,7.71,-0.33,2372,2298,30,12.7,35,119,3,0.17389567,0.13933112,,,-1.099358588,0.235115141,0.135435234,2.57082895,-2.57082895
";""Qui-Minet",63,2019,Phymatolithon calcareum,Lithothamnioideae,Lithothamniaceae,Hapalidiales," France""""",Atlantic,Cool Temperate,Adult,1187,737,7.67,7.67,-0.33,2414,2323,30,20.7,35,122,3,0.30775073,0.05865275,,,0.371261177,0.030614168,0.054509796,-1.750963444,1.750963444
";""Qui-Minet",63,2019,Phymatolithon calcareum,Lithothamnioideae,Lithothamniaceae,Hapalidiales," France""""",Atlantic,Cool Temperate,Adult,965,547,7.71,7.71,-0.33,2372,2298,30,12.7,35,119,3,-0.3103609,0.10058573,,,#NUM!,0.041873193,0.071829026,5.697701934,-5.697701934
";""Qui-Minet",63,2019,Phymatolithon calcareum,Lithothamnioideae,Lithothamniaceae,Hapalidiales," France""""",Atlantic,Cool Temperate,Adult,965,547,7.71,7.71,-0.33,2372,2298,30,12.7,35,119,3,-0.2296607,0.04135865,,,#NUM!,0.063735198,0.084651466,6.043636604,-6.043636604
";""Qui-Minet",63,2019,Phymatolithon calcareum,Lithothamnioideae,Lithothamniaceae,Hapalidiales,Brittany,Atlantic,Cool Temperate,Adult,1187,737,7.67,7.67,-0.33,2414,2323,30,20.7,35,122,3,0.00732239,0.03408414,,,-1.89004025,7.46785058,0.03802781,1.082080714,-1.082080714
";""Barner",64,2018,Bossiella orbigniana,Corallinoideae,Corallinaceae,Corallinales,Oregon,Pacific,Cool Temperate,Adult,2902,2499,7.43075,7.43075,-0.57075,2169.6225,2169.4125,352,10.61,31,1.5,4,-0.0007075,0.001904107,,,#NUM!,2.359144706,0.0048533,1.063194086,-1.063194086
";""Barner",64,2018,Bossiella orbigniana,Corallinoideae,Corallinaceae,Corallinales,Oregon,Pacific,Cool Temperate,Adult,1557,1154,7.5835,7.5835,-0.418,2168.8725,2126.27,352,10.61,31,1.5,4,0.0004625,0.004637696,,,-2.264574458,25.68578993,0.005700511,0.699937285,-0.699937285
";""Barner",64,2018,Bossiella orbigniana,Corallinoideae,Corallinaceae,Corallinales,Oregon,Pacific,Cool Temperate,Adult,2898,2495,7.42575,7.42575,-0.57575,2168.155,2166.635,352,10.61,31,1.5,4,-0.0002375,0.0045079,,,#NUM!,90.61444127,0.005648211,0.830351362,-0.830351362
";""Barner",64,2018,Bossiella orbigniana,Corallinoideae,Corallinaceae,Corallinales," USA""""",Pacific,Cool Temperate,Adult,540,137,7.90075,7.90075,-0.10075,2170.0975,2013.5025,352,10.61,31,1.5,4,-0.000095,0.008197746,,,#NUM!,1862.128388,0.007439303,0.611280379,-0.611280379
";""Barner",64,2018,Bossiella plumosa,Corallinoideae,Corallinaceae,Corallinales,Oregon,Pacific,Cool Temperate,Adult,2898,2495,7.40225,7.40225,-0.5825,2172.075,2175.935,352,10.61,31,1.5,4,-0.0041575,0.004875383,,,#NUM!,3.464571954,0.005222022,1.096797414,-1.096797414
";""Barner",64,2018,Bossiella plumosa,Corallinoideae,Corallinaceae,Corallinales," USA""""",Pacific,Cool Temperate,Adult,2902,2499,7.32525,7.32525,-0.6595,2165.13,2195.5225,352,10.61,31,1.5,4,0.003785,0.007088509,,,0.879970268,3.997617479,0.006364614,-0.348017961,0.348017961
";""Barner",64,2018,Bossiella plumosa,Corallinoideae,Corallinaceae,Corallinales,Oregon,Pacific,Cool Temperate,Adult,540,137,7.91425,7.91425,-0.0705,2170.8625,2008.97,352,10.61,31,1.5,4,-0.00086,0.002776749,,,#NUM!,5.72703386,0.004386342,0.553992323,-0.553992323
";""Barner",64,2018,Bossiella plumosa,Corallinoideae,Corallinaceae,Corallinales,Oregon,Pacific,Cool Temperate,Adult,1557,1154,7.56275,7.56275,-0.422,2169.1825,2125.885,352,10.61,31,1.5,4,0.0001525,0.003364336,,,-2.331666302,124.7951355,0.004587397,0.30899877,-0.30899877
";""Barner",64,2018,Calliarthron tuberculosum,Corallinoideae,Corallinaceae,Corallinales," USA""""",Pacific,Cool Temperate,Adult,540,137,7.89625,7.89625,-0.0625,2163.725,2009.57,352,10.61,31,1.5,4,0.0062775,0.004955935,,,0.632499133,1.943108036,0.007213732,-0.407902598,0.407902598
";""Barner",64,2018,Calliarthron tuberculosum,Corallinoideae,Corallinaceae,Corallinales," USA""""",Pacific,Cool Temperate,Adult,2898,2495,7.42425,7.42425,-0.5345,2171.1825,2168.565,352,10.61,31,1.5,4,-0.003265,0.003727345,,,#NUM!,2.113106296,0.00683402,0.965756573,-0.965756573
";""Barner",64,2018,Calliarthron tuberculosum,Corallinoideae,Corallinaceae,Corallinales,Oregon,Pacific,Cool Temperate,Adult,2902,2499,7.3475,7.3475,-0.61125,2169.68,2193.92,352,10.61,31,1.5,4,-0.000765,0.003950312,,,#NUM!,8.45351447,0.006896359,0.594516628,-0.594516628
";""Barner",64,2018,Calliarthron tuberculosum,Corallinoideae,Corallinaceae,Corallinales,Oregon,Pacific,Cool Temperate,Adult,1557,1154,7.594,7.594,-0.36475,2168.885,2119.5575,352,10.61,31,1.5,4,0.00045,0.002854739,,,-2.002980376,11.84844401,0.006620578,0.435762572,-0.435762572
";""Barner",64,2018,Corallina officinalis,Corallinoideae,Corallinaceae,Corallinales," USA""""",Pacific,Cool Temperate,Adult,2902,2499,7.36125,7.36125,-0.63925,2175.0725,2196.625,352,10.61,31,1.5,4,-0.0061575,0.002945215,,,#NUM!,0.332734633,0.005944346,2.297561423,-2.297561423
";""Barner",64,2018,Corallina officinalis,Corallinoideae,Corallinaceae,Corallinales," USA""""",Pacific,Cool Temperate,Adult,2898,2495,7.3915,7.3915,-0.609,2164.77,2171.9375,352,10.61,31,1.5,4,0.0031475,0.003411621,,,-0.868294534,0.569256377,0.006067758,0.717316064,-0.717316064
";""Barner",64,2018,Corallina officinalis,Corallinoideae,Corallinaceae,Corallinales,Oregon,Pacific,Cool Temperate,Adult,1557,1154,7.59075,7.59075,-0.40975,2166.1375,2121.63,352,10.61,31,1.5,4,0.0031975,0.00721494,,,-0.852533766,1.548409574,0.007551542,0.569751203,-0.569751203
";""Barner",64,2018,Corallina officinalis,Corallinoideae,Corallinaceae,Corallinales,Oregon,Pacific,Cool Temperate,Adult,540,137,7.88275,7.88275,-0.11775,2170.2125,2020.9775,352,10.61,31,1.5,4,-0.00021,0.008277987,,,#NUM!,388.7396474,0.008078406,0.954396243,-0.954396243
";""Barner",64,2018,Corallina vancouveriensis,Corallinoideae,Corallinaceae,Corallinales," USA""""",Pacific,Cool Temperate,Adult,2902,2499,7.38475,7.38475,-0.61775,2172.0525,2185.6275,352,10.61,31,1.5,4,-0.0031375,0.005090097,,,#NUM!,0.792816172,0.004398804,1.820381207,-1.820381207
";""Barner",64,2018,Corallina vancouveriensis,Corallinoideae,Corallinaceae,Corallinales,Oregon,Pacific,Cool Temperate,Adult,1557,1154,7.56175,7.56175,-0.44075,2164.61,2122.6,352,10.61,31,1.5,4,0.004725,0.008538183,,,-0.030226376,0.951150948,0.006545626,0.022152198,-0.022152198
";""Barner",64,2018,Corallina vancouveriensis,Corallinoideae,Corallinaceae,Corallinales," USA""""",Pacific,Cool Temperate,Adult,540,137,7.8885,7.8885,-0.114,2167.7225,2016.2925,352,10.61,31,1.5,4,0.00228,0.010010638,,,-0.758918494,4.954227536,0.007516739,0.344564301,-0.344564301
";""Barner",64,2018,Corallina vancouveriensis,Corallinoideae,Corallinaceae,Corallinales,Oregon,Pacific,Cool Temperate,Adult,2898,2495,7.38825,7.38825,-0.61425,2166.325,2175.11,352,10.61,31,1.5,4,0.0015925,0.012963118,,,-1.117788829,16.70014741,0.009508741,0.344682873,-0.344682873
